{
  "Customer": [
    {
      "Contact_Number": "8777064738",
      "id": "R-758.513"
    },
    {
      "id": "R-985.103",
      "Name": "g",
      "Username": "g",
      "Password": "g",
      "Guardian_Type": "g",
      "Guardian_Name": "g",
      "Address": "g",
      "Citizenship": "g",
      "State": "g",
      "Country": "g",
      "Email_Address": "g",
      "Gender": "m",
      "Marital_Status": "g",
      "Contact_Number": "g",
      "Branch_Name": "g",
      "Citizen_Status": "g",
      "Identification_Document_Number": "g",
      "ReferenceAccountHolderName": "g",
      "ReferenceAccountHolderNumber": "g",
      "ReferenceAccountHolderAddress": "g"
    },
    {
      "id": "R-429.572",
      "Name": "Rohan",
      "Username": "Rohan12",
      "Password": "Raj",
      "Guardian_Type": "Father",
      "Guardian_Name": "Rabi",
      "Address": "2/123 Bijoygarh",
      "Citizenship": "Indian",
      "State": "West bengal",
      "Country": "India",
      "Email_Address": "rohan@cognizant.com",
      "Gender": "Female",
      "Marital_Status": "Married",
      "Contact_Number": "8777064738",
      "Branch_Name": "Jadavpur",
      "Citizen_Status": "Active",
      "Identification_Document_Number": "Cpp-455",
      "ReferenceAccountHolderName": "Tony",
      "ReferenceAccountHolderNumber": "1264544",
      "ReferenceAccountHolderAddress": "Lake Town"
    },
    {
      "id": "R-158.967",
      "Name": "b",
      "Username": "b",
      "Password": "b",
      "Guardian_Type": "b",
      "Guardian_Name": "b",
      "Address": "b",
      "Citizenship": "b",
      "State": "b",
      "Country": "b",
      "Email_Address": "dgcg",
      "Gender": "b",
      "Marital_Status": "b",
      "Contact_Number": "+919123456789",
      "DateofBirth": "2021-02-10",
      "RegistrationDate": "2021-02-09",
      "Branch_Name": "b",
      "Citizen_Status": "b",
      "Identification_Document_Number": "b",
      "ReferenceAccountHolderName": "b",
      "ReferenceAccountHolderNumber": "b",
      "ReferenceAccountHolderAddress": "b"
    },
    {
      "id": "R-544.937",
      "DateofBirth": "2020-02-11",
      "Citizen_Status": "Minor",
      "InitialDepositAmount": 0
    },
    {
      "id": "R-875.607",
      "Name": "b",
      "Username": "b",
      "Password": "b",
      "Guardian_Type": "b",
      "Guardian_Name": "b",
      "Address": "b",
      "Citizenship": "b",
      "State": "b",
      "Country": "b",
      "Email_Address": "b",
      "Gender": "b",
      "Marital_Status": "b",
      "Contact_Number": "b",
      "DateofBirth": "2021-02-18",
      "RegistrationDate": "2021-02-11",
      "Account_Type": "Salary",
      "Branch_Name": "b",
      "Citizen_Status": "Minor",
      "Identification_Document_Number": "b",
      "ReferenceAccountHolderName": "b",
      "ReferenceAccountHolderNumber": "b",
      "ReferenceAccountHolderAddress": "b",
      "InitialDepositAmount": 0
    },
    {
      "id": "R-379.227",
      "Name": "n",
      "Username": "n",
      "Password": "n",
      "Guardian_Type": "n",
      "Guardian_Name": "n",
      "Address": "n",
      "Citizenship": "n",
      "State": "n",
      "Country": "n",
      "Email_Address": "n",
      "Gender": "n",
      "Marital_Status": "n",
      "Contact_Number": "n",
      "DateofBirth": "2021-02-18",
      "RegistrationDate": "2021-02-25",
      "Account_Type": "Salary",
      "Branch_Name": "n",
      "Citizen_Status": "Minor",
      "Identification_Document_Number": "n",
      "ReferenceAccountHolderName": "n",
      "ReferenceAccountHolderNumber": "n",
      "ReferenceAccountHolderAddress": "n",
      "InitialDepositAmount": 0
    },
    {
      "id": "R-191.326",
      "Name": "m",
      "Username": "m",
      "Password": "m",
      "Guardian_Type": "m",
      "Guardian_Name": "m",
      "Address": "m",
      "Citizenship": "m",
      "State": "m",
      "Country": "m",
      "Email_Address": "m",
      "Gender": "m",
      "Marital_Status": "m",
      "Contact_Number": "m",
      "DateofBirth": "2019-12-18",
      "RegistrationDate": "2021-02-20",
      "Account_Type": "Saving",
      "Branch_Name": "m",
      "Citizen_Status": "Minor",
      "Identification_Document_Number": "m",
      "ReferenceAccountHolderName": "m",
      "ReferenceAccountHolderNumber": "m",
      "ReferenceAccountHolderAddress": "m",
      "InitialDepositAmount": 5000
    },
    {
      "id": "R-493.403",
      "Name": "Rohan",
      "Username": "rak",
      "Password": "123",
      "Guardian_Type": "father",
      "Guardian_Name": "Rabi",
      "Address": "2/174 bijoy",
      "Citizenship": "Indian",
      "State": "west bengal",
      "Country": "India",
      "Email_Address": "as@csc.ad",
      "Gender": "m",
      "Marital_Status": "Married",
      "Contact_Number": "+918777064738",
      "DateofBirth": "2021-02-11",
      "RegistrationDate": "2021-02-16",
      "Account_Type": "Saving",
      "Branch_Name": "bijoygarh",
      "Citizen_Status": "Minor",
      "Identification_Document_Number": "adafdcssccvf",
      "ReferenceAccountHolderName": "ravi",
      "ReferenceAccountHolderNumber": "35435335",
      "ReferenceAccountHolderAddress": "bijoygarh",
      "InitialDepositAmount": 5000
    }
  ],
  "Loan": [
    {
      "LoanType": "Education Loan",
      "LoanAmount": "20000",
      "LoanApplyDate": "2021-02-04",
      "LoanIssueDate": "2021-02-04",
      "ROI": 12,
      "duration": "10",
      "CourseFee": "a",
      "Course": "a",
      "FatherName": "z",
      "FatherTotalExperience": "z",
      "FatherExperiencewithCurrentcompany": "z",
      "RationCardNumber": "z",
      "AnnualIncome": "z",
      "customer": "R-158.967",
      "id": 1
    },
    {
      "LoanType": "Personal/home Loan",
      "LoanAmount": "23232",
      "LoanApplyDate": "2021-02-05",
      "LoanIssueDate": "2021-02-05",
      "ROI": 12,
      "duration": "5",
      "AnnualIncome_l2": "z",
      "CompanyName": "z",
      "Designation": "z",
      "TotalExperience": "z",
      "ExperiencewithCurrentcompany": "z",
      "customer": "R-158.967",
      "id": 2
    },
    {
      "LoanType": "Education Loan",
      "LoanAmount": "23232",
      "LoanApplyDate": "2021-02-03",
      "LoanIssueDate": "2021-02-03",
      "ROI": 12,
      "duration": "15",
      "CourseFee": "z",
      "Course": "z",
      "FatherName": "z",
      "FatherTotalExperience": "z",
      "FatherExperiencewithCurrentcompany": "z",
      "RationCardNumber": "z",
      "AnnualIncome": "z",
      "customer": "R-158.967",
      "id": 3
    },
    {
      "LoanType": "Personal/home Loan",
      "LoanAmount": "csccd",
      "LoanApplyDate": "2021-02-16",
      "LoanIssueDate": "2021-02-16",
      "ROI": 8,
      "duration": "20",
      "AnnualIncome_l2": "c",
      "CompanyName": "c",
      "Designation": "c",
      "TotalExperience": "c",
      "ExperiencewithCurrentcompany": "c",
      "customer": "R-158.967",
      "id": 4
    },
    {
      "LoanType": "Personal/home Loan",
      "LoanAmount": "2424",
      "LoanApplyDate": "2019-11-18",
      "LoanIssueDate": "2019-11-18",
      "ROI": 12,
      "duration": "10",
      "CourseFee": "m",
      "Course": "m",
      "FatherName": "m",
      "FatherTotalExperience": "m",
      "FatherExperiencewithCurrentcompany": "m",
      "RationCardNumber": "m",
      "AnnualIncome": "m",
      "customer": "R-191.326",
      "id": 5
    },
    {
      "LoanApplyDate": "2018-02-20",
      "LoanIssueDate": "2018-02-20",
      "ROI": 12,
      "customer": "R-191.326",
      "id": 6
    }
  ]
}